{"node_count": 195, "children_left": [1, 2, 3, 4, -1, 6, 7, -1, -1, 10, 11, 12, -1, 14, 15, -1, 17, -1, -1, -1, 21, 22, -1, 24, -1, -1, 27, -1, -1, 30, 31, -1, -1, 34, 35, -1, 37, -1, 39, -1, 41, 42, -1, -1, -1, -1, 47, 48, -1, -1, -1, 52, 53, 54, 55, 56, -1, -1, -1, -1, -1, 62, 63, 64, -1, 66, -1, 68, -1, -1, 71, 72, -1, -1, 75, -1, 77, 78, -1, 80, -1, -1, 83, -1, 85, 86, -1, -1, 89, 90, -1, -1, -1, 94, 95, 96, -1, 98, -1, 100, -1, -1, 103, 104, -1, 106, -1, -1, 109, 110, 111, -1, -1, -1, 115, -1, -1, 118, -1, 120, -1, 122, 123, -1, 125, 126, -1, -1, -1, 130, -1, -1, 133, -1, 135, 136, 137, 138, -1, 140, -1, -1, 143, 144, 145, 146, -1, 148, 149, 150, -1, 152, -1, 154, -1, -1, -1, 158, -1, 160, -1, -1, -1, 164, -1, 166, -1, 168, -1, 170, -1, 172, -1, 174, -1, -1, 177, -1, -1, 180, 181, 182, -1, 184, -1, -1, 187, -1, -1, 190, 191, -1, -1, -1, -1], "children_right": [132, 51, 46, 5, -1, 9, 8, -1, -1, 29, 20, 13, -1, 19, 16, -1, 18, -1, -1, -1, 26, 23, -1, 25, -1, -1, 28, -1, -1, 33, 32, -1, -1, 45, 36, -1, 38, -1, 40, -1, 44, 43, -1, -1, -1, -1, 50, 49, -1, -1, -1, 61, 60, 59, 58, 57, -1, -1, -1, -1, -1, 93, 70, 65, -1, 67, -1, 69, -1, -1, 74, 73, -1, -1, 76, -1, 82, 79, -1, 81, -1, -1, 84, -1, 88, 87, -1, -1, 92, 91, -1, -1, -1, 117, 102, 97, -1, 99, -1, 101, -1, -1, 108, 105, -1, 107, -1, -1, 114, 113, 112, -1, -1, -1, 116, -1, -1, 119, -1, 121, -1, 129, 124, -1, 128, 127, -1, -1, -1, 131, -1, -1, 134, -1, 194, 179, 142, 139, -1, 141, -1, -1, 176, 163, 162, 147, -1, 157, 156, 151, -1, 153, -1, 155, -1, -1, -1, 159, -1, 161, -1, -1, -1, 165, -1, 167, -1, 169, -1, 171, -1, 173, -1, 175, -1, -1, 178, -1, -1, 189, 186, 183, -1, 185, -1, -1, 188, -1, -1, 193, 192, -1, -1, -1, -1], "feature": [5, 5, 3, 4, -2, 3, 5, -2, -2, 2, 6, 2, -2, 1, 3, -2, 2, -2, -2, -2, 6, 2, -2, 2, -2, -2, 3, -2, -2, 1, 5, -2, -2, 6, 3, -2, 4, -2, 5, -2, 1, 2, -2, -2, -2, -2, 4, 4, -2, -2, -2, 2, 6, 5, 5, 4, -2, -2, -2, -2, -2, 3, 5, 3, -2, 4, -2, 1, -2, -2, 2, 6, -2, -2, 2, -2, 6, 5, -2, 5, -2, -2, 1, -2, 5, 5, -2, -2, 2, 4, -2, -2, -2, 5, 2, 6, -2, 3, -2, 4, -2, -2, 6, 4, -2, 2, -2, -2, 6, 1, 1, -2, -2, -2, 5, -2, -2, 1, -2, 2, -2, 6, 4, -2, 2, 1, -2, -2, -2, 1, -2, -2, 4, -2, 6, 4, 6, 3, -2, 6, -2, -2, 6, 6, 6, 6, -2, 6, 6, 6, -2, 6, -2, 6, -2, -2, -2, 6, -2, 6, -2, -2, -2, 6, -2, 6, -2, 6, -2, 6, -2, 6, -2, 6, -2, -2, 3, -2, -2, 6, 2, 1, -2, 6, -2, -2, 5, -2, -2, 0, 6, -2, -2, -2, -2], "threshold": [0.8372749388217926, -1.4285852909088135, 1.1192899942398071, -0.8826916217803955, -2.0, -1.0039102137088776, -1.545725405216217, -2.0, -2.0, 0.16813861578702927, -0.6287733316421509, -0.7904166281223297, -2.0, 0.07668201811611652, 0.26648392528295517, -2.0, -0.7380340993404388, -2.0, -2.0, -2.0, 0.7826368510723114, -0.02810167707502842, -2.0, 0.03697680728510022, -2.0, -2.0, -0.6271769106388092, -2.0, -2.0, 0.05249164067208767, -1.5198255777359009, -2.0, -2.0, 0.8615279495716095, -0.9264804124832153, -2.0, -0.5936944782733917, -2.0, -1.540498435497284, -2.0, 0.9459604620933533, 0.31369583308696747, -2.0, -2.0, -2.0, -2.0, 0.47778773307800293, 0.4218899607658386, -2.0, -2.0, -2.0, -1.2590223550796509, 1.5566953420639038, -0.21098163351416588, -0.8096131384372711, 1.7043273448944092, -2.0, -2.0, -2.0, -2.0, -2.0, -0.36187508702278137, -0.08177694526966661, -0.829532116651535, -2.0, -0.2458706498146057, -2.0, -0.39175995439291, -2.0, -2.0, 0.6927726566791534, 0.23523476719856262, -2.0, -2.0, 0.9973166882991791, -2.0, -1.2634369730949402, 0.20090707391500473, -2.0, 0.5027794390916824, -2.0, -2.0, 0.43568557500839233, -2.0, 0.576481968164444, 0.4582294374704361, -2.0, -2.0, 2.111430287361145, -1.4091731905937195, -2.0, -2.0, -2.0, 0.7570895552635193, -1.028472900390625, -1.3698363900184631, -2.0, 0.7561876773834229, -2.0, 0.838819146156311, -2.0, -2.0, -1.6176053881645203, 0.4645113945007324, -2.0, -0.7721509039402008, -2.0, -2.0, 1.5404313802719116, -0.22179259359836578, -0.3036963492631912, -2.0, -2.0, -2.0, -0.5164175033569336, -2.0, -2.0, 0.017864849418401718, -2.0, 0.2923230081796646, -2.0, -0.8046582341194153, -0.7547644972801208, -2.0, 0.4630444794893265, 0.10629406571388245, -2.0, -2.0, -2.0, 0.09524725005030632, -2.0, -2.0, -0.33663924038410187, -2.0, 0.27596814930438995, -0.33660994470119476, -0.19141393899917603, -0.2904486358165741, -2.0, -0.19141503423452377, -2.0, -2.0, -0.1914067491889, -0.1914094164967537, -0.1914101094007492, -0.19141363352537155, -2.0, -0.19141103327274323, -0.19141145050525665, -0.19141317903995514, -2.0, -0.1914125606417656, -2.0, -0.19141193479299545, -2.0, -2.0, -2.0, -0.19141072034835815, -2.0, -0.1914103478193283, -2.0, -2.0, -2.0, -0.1914084330201149, -2.0, -0.1914082169532776, -2.0, -0.1914079412817955, -2.0, -0.1914077326655388, -2.0, -0.1914074867963791, -2.0, -0.19140703976154327, -2.0, -2.0, -0.29044440388679504, -2.0, -2.0, -0.2277783676981926, 0.028811988420784473, -0.49946044385433197, -2.0, -0.6717426478862762, -2.0, -2.0, 0.8390647172927856, -2.0, -2.0, -0.12338970229029655, -0.022522754967212677, -2.0, -2.0, -2.0, -2.0],